id	label
essay001	positive
essay002	negative
essay003	negative
essay004	negative
essay005	negative
essay006	negative
essay007	negative
essay008	negative
essay009	negative
essay010	negative
essay011	negative
essay012	negative
essay013	negative
essay014	positive
essay015	negative
essay016	positive
essay017	negative
essay018	positive
essay019	negative
essay020	negative
essay021	negative
essay022	positive
essay023	positive
essay024	negative
essay025	positive
essay026	negative
essay027	negative
essay028	positive
essay029	negative
essay030	positive
essay031	negative
essay032	negative
essay033	positive
essay034	positive
essay035	positive
essay036	negative
essay037	negative
essay038	positive
essay039	negative
essay040	negative
essay041	negative
essay042	positive
essay043	negative
essay044	negative
essay045	negative
essay046	negative
essay047	positive
essay048	positive
essay049	positive
essay050	negative
essay051	positive
essay052	positive
essay053	negative
essay054	positive
essay055	positive
essay056	positive
essay057	negative
essay058	positive
essay059	positive
essay060	positive
essay061	positive
essay062	positive
essay063	positive
essay064	positive
essay065	negative
essay066	positive
essay067	positive
essay068	negative
essay069	positive
essay070	negative
essay071	positive
essay072	negative
essay073	negative
essay074	positive
essay075	positive
essay076	positive
essay077	positive
essay078	positive
essay079	negative
essay080	positive
essay081	positive
essay082	positive
essay083	negative
essay084	positive
essay085	positive
essay086	negative
essay087	negative
essay088	negative
essay089	negative
essay090	negative
essay091	positive
essay092	positive
essay093	negative
essay094	negative
essay095	negative
essay096	positive
essay097	negative
essay098	positive
essay099	positive
essay100	positive
essay101	positive
essay102	positive
essay103	positive
essay104	positive
essay105	positive
essay106	negative
essay107	negative
essay108	positive
essay109	positive
essay110	positive
essay111	negative
essay112	positive
essay113	negative
essay114	negative
essay115	positive
essay116	negative
essay117	positive
essay118	positive
essay119	positive
essay120	negative
essay121	negative
essay122	negative
essay123	negative
essay124	negative
essay125	negative
essay126	negative
essay127	negative
essay128	negative
essay129	positive
essay130	positive
essay131	positive
essay132	negative
essay133	positive
essay134	positive
essay135	negative
essay136	negative
essay137	positive
essay138	positive
essay139	negative
essay140	negative
essay141	positive
essay142	positive
essay143	positive
essay144	negative
essay145	positive
essay146	negative
essay147	negative
essay148	positive
essay149	negative
essay150	positive
essay151	negative
essay152	negative
essay153	negative
essay154	negative
essay155	negative
essay156	negative
essay157	negative
essay158	positive
essay159	negative
essay160	positive
essay161	negative
essay162	positive
essay163	negative
essay164	negative
essay165	negative
essay166	negative
essay167	negative
essay168	negative
essay169	positive
essay170	positive
essay171	negative
essay172	positive
essay173	negative
essay174	negative
essay175	positive
essay176	negative
essay177	positive
essay178	negative
essay179	negative
essay180	negative
essay181	negative
essay182	negative
essay183	negative
essay184	negative
essay185	positive
essay186	negative
essay187	positive
essay188	negative
essay189	negative
essay190	positive
essay191	negative
essay192	positive
essay193	negative
essay194	negative
essay195	positive
essay196	negative
essay197	positive
essay198	negative
essay199	negative
essay200	negative
essay201	negative
essay202	negative
essay203	negative
essay204	negative
essay205	negative
essay206	negative
essay207	positive
essay208	negative
essay209	negative
essay210	negative
essay211	positive
essay212	negative
essay213	negative
essay214	negative
essay215	negative
essay216	negative
essay217	positive
essay218	negative
essay219	negative
essay220	negative
essay221	negative
essay222	negative
essay223	negative
essay224	negative
essay225	negative
essay226	negative
essay227	positive
essay228	positive
essay229	negative
essay230	negative
essay231	positive
essay232	positive
essay233	negative
essay234	negative
essay235	negative
essay236	negative
essay237	negative
essay238	positive
essay239	negative
essay240	negative
essay241	positive
essay242	positive
essay243	negative
essay244	negative
essay245	negative
essay246	negative
essay247	negative
essay248	positive
essay249	positive
essay250	positive
essay251	negative
essay252	positive
essay253	negative
essay254	positive
essay255	positive
essay256	positive
essay257	negative
essay258	negative
essay259	negative
essay260	negative
essay261	negative
essay262	negative
essay263	positive
essay264	negative
essay265	negative
essay266	negative
essay267	negative
essay268	negative
essay269	positive
essay270	positive
essay271	negative
essay272	negative
essay273	positive
essay274	negative
essay275	negative
essay276	negative
essay277	negative
essay278	negative
essay279	negative
essay280	negative
essay281	negative
essay282	negative
essay283	negative
essay284	negative
essay285	negative
essay286	negative
essay287	negative
essay288	negative
essay289	negative
essay290	negative
essay291	positive
essay292	positive
essay293	positive
essay294	negative
essay295	negative
essay296	positive
essay297	positive
essay298	negative
essay299	negative
essay300	negative
essay301	negative
essay302	negative
essay303	negative
essay304	negative
essay305	positive
essay306	positive
essay307	negative
essay308	negative
essay309	negative
essay310	negative
essay311	positive
essay312	negative
essay313	negative
essay314	negative
essay315	negative
essay316	negative
essay317	negative
essay318	negative
essay319	positive
essay320	negative
essay321	negative
essay322	negative
essay323	negative
essay324	positive
essay325	positive
essay326	positive
essay327	negative
essay328	negative
essay329	negative
essay330	negative
essay331	negative
essay332	positive
essay333	positive
essay334	positive
essay335	positive
essay336	positive
essay337	positive
essay338	positive
essay339	positive
essay340	negative
essay341	positive
essay342	positive
essay343	positive
essay344	negative
essay345	negative
essay346	negative
essay347	positive
essay348	negative
essay349	positive
essay350	negative
essay351	positive
essay352	negative
essay353	negative
essay354	negative
essay355	positive
essay356	positive
essay357	negative
essay358	positive
essay359	negative
essay360	positive
essay361	positive
essay362	negative
essay363	positive
essay364	negative
essay365	negative
essay366	negative
essay367	negative
essay368	negative
essay369	negative
essay370	negative
essay371	negative
essay372	negative
essay373	negative
essay374	negative
essay375	positive
essay376	negative
essay377	negative
essay378	negative
essay379	positive
essay380	positive
essay381	negative
essay382	negative
essay383	positive
essay384	positive
essay385	positive
essay386	negative
essay387	negative
essay388	positive
essay389	negative
essay390	negative
essay391	positive
essay392	negative
essay393	negative
essay394	negative
essay395	positive
essay396	negative
essay397	negative
essay398	negative
essay399	negative
essay400	negative
essay401	negative
essay402	negative
